{
    "rmse": 0.7036740694720662,
    "mae": 0.5500061539209234,
    "r2": 0.24276311967062525
}