{
    "rmse": 0.692846128498717,
    "mae": 0.5301345856145206,
    "r2": 0.27644844378191735
}